SKU;Ref
562018;31.02.0092
557829;35.02.0507
570050;22.10.0026
564249;23.08.0208
563660;35.09.1010
561780;23.11.0186
554099;35.09.0697
567534;20.03.0033
565319;35.09.1118
560169;35.02.0520
561990;35.09.0984
557159;35.02.0486
530025;35.02.0338
567039;31.02.0110
564249;23.08.0208
567039;31.02.0110
569993;23.11.0268
566682;23.12.0011
561780;23.11.0186
562018;31.02.0092
567039;31.02.0110
559423;23.08.0185
570050;22.10.0026
565075;23.11.0220
564487;32.03.0322
559423;23.08.0185
567688;23.11.0243
561920;23.11.0178
567074;33.02.0190
558800;35.02.0515
558800;35.02.0515
567688;23.11.0243
566871;22.10.0025
566682;23.12.0011
566682;23.12.0011
566682;23.12.0011
558164;35.09.0894
570750;22.12.0559
570701;22.06.0530
567471;23.02.0014
567039;31.02.0110
565774;23.02.0012
564249;23.08.0208
567688;23.11.0243
557173;35.02.0487
565536;32.07.0048
567074;33.02.0190
557187;35.02.0488
564725;22.03.0217
567039;31.02.0110
567688;23.11.0243
564578;23.12.0013
569706;23.11.0249
569706;23.11.0249
569706;23.11.0249
564179;22.04.0167
570050;22.10.0026
565075;23.11.0220
565075;23.11.0220
569720;23.11.0267
566682;23.12.0011
559622;31.02.0082
564795;22.03.0216
564795;22.03.0216
570876;32.07.0059
570876;32.07.0059
570876;32.07.0059
567471;23.02.0014
564578;23.12.0013
557159;35.02.0486
570417;32.07.0030
565725;23.12.0012
565725;23.12.0012
565725;23.12.0012
561990;35.09.0984
561990;35.09.0984
561850;35.02.0572
556397;35.09.0854
557605;22.12.0443
558800;35.02.0515
569189;32.06.0062
570771;22.12.0560
570876;32.07.0059
564361;34.01.0079
560949;31.02.0070
567074;33.02.0190
566218;23.11.0218
569706;23.11.0249
570701;22.06.0530
566801;33.02.0194
559536;23.11.0185
564578;23.12.0013
561794;35.09.0981
569776;22.04.0225
566379;22.04.0212
566379;22.04.0212
566682;23.12.0011
566752;32.03.0321
530025;35.02.0338
567074;33.02.0190
560617;20.02.0020
567590;32.02.0244
565774;23.02.0012
565774;23.02.0012
567688;23.11.0243
566218;23.11.0218
563400;23.09.0080
570233;23.11.0191
565075;23.11.0220
571757;23.12.0014
569189;32.06.0062
560784;23.09.0082
570388;32.03.0305
565319;35.09.1118
561780;23.11.0186
570876;32.07.0059
565536;32.07.0048
570862;32.06.0069
564067;34.01.0082
559636;31.02.0085
565885;23.11.0235
559381;23.03.0027
563400;23.09.0080
563400;23.09.0080
567039;31.02.0110
565774;23.02.0012
560784;23.09.0082
567688;23.11.0243
566218;23.11.0218
566218;23.11.0218
569993;23.11.0268
569993;23.11.0268
569706;23.11.0249
569706;23.11.0249
566808;31.02.0119
569776;22.04.0225
567513;33.02.0197
565319;35.09.1118
531203;32.02.0153
567422;22.03.0226
567422;22.03.0226
567422;22.03.0226
561962;22.06.0433
569804;22.12.0562
566267;22.07.0216
566267;22.07.0216
566990;33.02.0193
564501;22.04.0210
570862;32.06.0069
562235;35.09.0998
567590;32.02.0244
562018;31.02.0092
565885;23.11.0235
565885;23.11.0235
564578;23.12.0013
567534;20.03.0033
530025;35.02.0338
569776;22.04.0225
565480;35.02.0640
568309;22.06.0521
567513;33.02.0197
556537;22.04.0155
565774;23.02.0012
556767;23.11.0167
556767;23.11.0167
566218;23.11.0218
557173;35.02.0487
563188;32.05.0007
561920;23.11.0178
565788;33.02.0183
569720;23.11.0267
569720;23.11.0267
570701;22.06.0530
567828;35.09.1120
553216;23.08.0166
563500;22.11.0158
565655;23.06.0082
566731;22.02.0218
565725;23.12.0012
565536;32.07.0048
564179;22.04.0167
567590;32.02.0244
570701;22.06.0530
563400;23.09.0080
563400;23.09.0080
565578;22.05.0364
569189;32.06.0062
569189;32.06.0062
568176;22.01.0004
565974;22.07.0200
570750;22.12.0559
569776;22.04.0225
558457;35.02.0522
567513;33.02.0197
562235;35.09.0998
561759;23.11.0174
561759;23.11.0174
561759;23.11.0174
570771;22.12.0560
570771;22.12.0560
565809;35.02.0676
570417;32.07.0030
558464;35.02.0523
562901;32.03.0299
567095;35.02.0627
567095;35.02.0627
567095;35.02.0627
567095;35.02.0627
568519;22.06.0519
570750;22.12.0559
570750;22.12.0559
567471;23.02.0014
563272;22.05.0324
569993;23.11.0268
569706;23.11.0249
569937;22.06.0517
557829;35.02.0507
561920;23.11.0178
569224;32.07.0060
569224;32.07.0060
569720;23.11.0267
531203;32.02.0153
564361;34.01.0079
564361;34.01.0079
569979;22.09.0090
569979;22.09.0090
557033;35.01.0482
565655;23.06.0082
567422;22.03.0226
567422;22.03.0226
567422;22.03.0226
569804;22.12.0562
569804;22.12.0562
570862;32.06.0069
570862;32.06.0069
570862;32.06.0069
567590;32.02.0244
529610;22.02.0097
559636;31.02.0085
568309;22.06.0521
569937;22.06.0517
565885;23.11.0235
569189;32.06.0062
564578;23.12.0013
564578;23.12.0013
564578;23.12.0013
567534;20.03.0033
567534;20.03.0033
568176;22.01.0004
569776;22.04.0225
569776;22.04.0225
570750;22.12.0559
570750;22.12.0559
570771;22.12.0560
563660;35.09.1010
563660;35.09.1010
565047;35.09.1100
565040;35.09.1105
565040;35.09.1105
529610;22.02.0097
529610;22.02.0097
529610;22.02.0097
529610;22.02.0097
569937;22.06.0517
569937;22.06.0517
569937;22.06.0517
565809;35.02.0676
529730;31.02.0029
567926;22.06.0531
567095;35.02.0627
567095;35.02.0627
566682;23.12.0011
557145;35.02.0485
565480;35.02.0640
567471;23.02.0014
557159;35.02.0486
567688;23.11.0243
567688;23.11.0243
569706;23.11.0249
569706;23.11.0249
570050;22.10.0026
570050;22.10.0026
571757;23.12.0014
571757;23.12.0014
571757;23.12.0014
571757;23.12.0014
566871;22.10.0025
566871;22.10.0025
569224;32.07.0060
569224;32.07.0060
569720;23.11.0267
569720;23.11.0267
559622;31.02.0082
531203;32.02.0153
570388;32.03.0305
569979;22.09.0090
569979;22.09.0090
569979;22.09.0090
570666;22.06.0502
570666;22.06.0502
566379;22.04.0212
566379;22.04.0212
566379;22.04.0212
566379;22.04.0212
566379;22.04.0212
565655;23.06.0082
565655;23.06.0082
567422;22.03.0226
561962;22.06.0433
565725;23.12.0012
566752;32.03.0321
565536;32.07.0048
566267;22.07.0216
564970;22.03.0224
564970;22.03.0224
567074;33.02.0190
563286;32.02.0228
564487;32.03.0322
557598;22.12.0438
564067;34.01.0082
567590;32.02.0244
559636;31.02.0085
569860;22.09.0094
568309;22.06.0521
568309;22.06.0521
569937;22.06.0517
570701;22.06.0530
568309;22.06.0521
563400;23.09.0080
566801;33.02.0194
564795;22.03.0216
569189;32.06.0062
569189;32.06.0062
567926;22.06.0531
567053;22.05.0382
567053;22.05.0382
567534;20.03.0033
568176;22.01.0004
561675;22.11.0166
569776;22.04.0225
569776;22.04.0225
564494;22.12.0500
566463;22.05.0370
556537;22.04.0155
565319;35.09.1118
557605;22.12.0443
556418;22.03.0155
559678;31.02.0089
570233;23.11.0191
569804;22.12.0562
569804;22.12.0562
568386;22.05.0428
568603;22.05.0427
563856;23.06.0080
567926;22.06.0531
568519;22.06.0519
568519;22.06.0519
569804;22.12.0562
568603;22.05.0427
569937;22.06.0517
568603;22.05.0427
569937;22.06.0517
568309;22.06.0521
570771;22.12.0560
568603;22.05.0427
565005;32.07.0041
